NO2,PM10,PM25,CO,SO2,OZONE,NOX,AQI,updatedAt,postalCode,lat,lng
20.266,78,39,1.4,5.572519084,2.65,28.6,112,"Aug 03, 2019 7:08:42",110021,28.5939,77.1887
20.266,78,39,1.4,5.572519084,2.65,28.6,112,"Aug 03, 2019 7:08:42",110021,28.5767,77.1615
6.67944,92,54.60645166,1.570584101,3.152627133,3.292638884,13.92264922,147,"Aug 03, 2019 7:08:42",110021,28.5929,77.0346
20.266,78,39,1.4,5.572519084,2.65,28.6,114,"Aug 03, 2019 7:08:42",110021,28.582,77.1717
20.266,78,39,1.4,5.572519084,2.65,28.6,113,"Aug 03, 2019 7:08:42",110021,28.5834,77.1665
20.266,78,39,1.4,5.572519084,2.65,28.6,113,"Aug 03, 2019 7:08:42",110021,28.5789,77.1651
21.8617,105,56,1.4,7.022900763,3.5,32.1,148,"Aug 03, 2019 6:50:31",110021,28.5939,77.1887
21.8617,105,56,1.4,7.022900763,3.5,32.1,147,"Aug 03, 2019 6:50:31",110021,28.5767,77.1615
8.45181,147,59.26259355,1.759739866,3.169287946,2.994354794,19.56822127,149,"Aug 03, 2019 6:50:31",110021,28.5929,77.0346
21.8617,105,56,1.4,7.022900763,3.5,32.1,149,"Aug 03, 2019 6:50:31",110021,28.582,77.1717
21.8617,105,56,1.4,7.022900763,3.5,32.1,148,"Aug 03, 2019 6:50:31",110021,28.5834,77.1665
21.8617,105,56,1.4,7.022900763,3.5,32.1,147,"Aug 03, 2019 6:50:31",110021,28.5789,77.1651
18.1383,92,40,0.9,5.381679389,28.55,32.4,116,"Aug 03, 2019 2:45:47",110021,28.5939,77.1887
18.1383,92,40,0.9,5.381679389,28.55,32.4,116,"Aug 03, 2019 2:45:47",110021,28.5767,77.1615
15.2359,57,40.10748161,0.7031002028,4.70610687,0.7154769953,41.73383704,113,"Aug 03, 2019 2:45:47",110021,28.5929,77.0346
18.1383,92,40,0.9,5.381679389,28.55,32.4,116,"Aug 03, 2019 2:45:47",110021,28.582,77.1717
18.1383,92,40,0.9,5.381679389,28.55,32.4,116,"Aug 03, 2019 2:45:47",110021,28.5834,77.1665
18.1383,92,40,0.9,5.381679389,28.55,32.4,114,"Aug 03, 2019 2:45:47",110021,28.5789,77.1651
16.383,63,23,0.9,5.419847328,10.2,32.5,77,"Aug 02, 2019 23:22:09",110021,28.5939,77.1887
16.383,63,23,0.9,5.419847328,10.2,32.5,78,"Aug 02, 2019 23:22:09",110021,28.5767,77.1615
7.81103,90,43.89059689,0.6559080288,4.211663206,1.180130433,19.0672613,124,"Aug 02, 2019 23:22:09",110021,28.5929,77.0346
16.383,63,23,0.9,5.419847328,10.2,32.5,76,"Aug 02, 2019 23:22:09",110021,28.582,77.1717
16.383,63,23,0.9,5.419847328,10.2,32.5,77,"Aug 02, 2019 23:22:09",110021,28.5834,77.1665
16.383,63,23,0.9,5.419847328,10.2,32.5,76,"Aug 02, 2019 23:22:09",110021,28.5789,77.1651
27.5,96,39,1.8,5.992366412,3.45,49.4,114,"Aug 02, 2019 15:22:09",110021,28.5939,77.1887
27.5,96,39,1.8,5.992366412,3.45,49.4,113,"Aug 02, 2019 15:22:09",110021,28.5767,77.1615
12.1042,153,78.46757068,1.325482451,2.924706543,1.873438581,15.5789971,162,"Aug 02, 2019 15:22:09",110021,28.5929,77.0346
27.5,96,39,1.8,5.992366412,3.45,49.4,112,"Aug 02, 2019 15:22:09",110021,28.582,77.1717
27.5,96,39,1.8,5.992366412,3.45,49.4,113,"Aug 02, 2019 15:22:09",110021,28.5834,77.1665
27.5,96,39,1.8,5.992366412,3.45,49.4,111,"Aug 02, 2019 15:22:09",110021,28.5789,77.1651
28.1383,89,35,1.8,5.229007634,2.95,45,95,"Aug 02, 2019 14:56:49",110021,28.5939,77.1887
28.1383,89,35,1.8,5.229007634,2.95,45,97,"Aug 02, 2019 14:56:49",110021,28.5767,77.1615
11.7615,161,107.4290675,1.401054504,2.262177178,5.933493459,15.45106296,180,"Aug 02, 2019 14:56:49",110021,28.5929,77.0346
28.1383,89,35,1.8,5.229007634,2.95,45,98,"Aug 02, 2019 14:56:49",110021,28.582,77.1717
28.1383,89,35,1.8,5.229007634,2.95,45,98,"Aug 02, 2019 14:56:49",110021,28.5834,77.1665
28.1383,89,35,1.8,5.229007634,2.95,45,95,"Aug 02, 2019 14:56:49",110021,28.5789,77.1651
19.2021,122,53,1.2,5.267175573,9.55,19.6,147,"Aug 02, 2019 8:53:29",110021,28.5939,77.1887
19.2021,122,53,1.2,5.267175573,9.55,19.6,145,"Aug 02, 2019 8:53:29",110021,28.5767,77.1615
6.65235,112,42.78469479,0.5551870204,1.45023749,14.23891518,8.419835367,118,"Aug 02, 2019 8:53:29",110021,28.5929,77.0346
19.2021,122,53,1.2,5.267175573,9.55,19.6,146,"Aug 02, 2019 8:53:29",110021,28.582,77.1717
19.2021,122,53,1.2,5.267175573,9.55,19.6,147,"Aug 02, 2019 8:53:29",110021,28.5834,77.1665
19.2021,122,53,1.2,5.267175573,9.55,19.6,147,"Aug 02, 2019 8:53:29",110021,28.5789,77.1651
17.6064,85,47,1.2,4.923664122,10.9,19.1,128,"Aug 02, 2019 9:01:23",110021,28.5939,77.1887
17.6064,85,47,1.2,4.923664122,10.9,19.1,127,"Aug 02, 2019 9:01:23",110021,28.5767,77.1615
6.79183,313,33.73376706,0.7000346444,1.949865479,21.72621784,9.664687637,183,"Aug 02, 2019 9:01:23",110021,28.5929,77.0346
17.6064,85,47,1.2,4.923664122,10.9,19.1,128,"Aug 02, 2019 9:01:23",110021,28.582,77.1717
17.6064,85,47,1.2,4.923664122,10.9,19.1,128,"Aug 02, 2019 9:01:23",110021,28.5834,77.1665
17.6064,85,47,1.2,4.923664122,10.9,19.1,127,"Aug 02, 2019 9:01:23",110021,28.5789,77.1651
26.0638,162,41,1.5,5.801526718,10.85,28.3,113,"Aug 02, 2019 7:22:09",110021,28.5939,77.1887
26.0638,162,41,1.5,5.801526718,10.85,28.3,112,"Aug 02, 2019 7:22:09",110021,28.5767,77.1615
7.22667,228,40.9076868,0.667772124,1.705598562,14.50198951,9.729787251,133,"Aug 02, 2019 7:22:09",110021,28.5929,77.0346
26.0638,162,41,1.5,5.801526718,10.85,28.3,112,"Aug 02, 2019 7:22:09",110021,28.582,77.1717
26.0638,162,41,1.5,5.801526718,10.85,28.3,112,"Aug 02, 2019 7:22:09",110021,28.5834,77.1665
26.0638,162,41,1.5,5.801526718,10.85,28.3,113,"Aug 02, 2019 7:22:09",110021,28.5789,77.1651
14.4149,NULL,28,1,5.076335878,9.95,15.4,85,"Aug 02, 2019 5:22:06",110021,28.5939,77.1887
14.4149,NULL,28,1,5.076335878,9.95,15.4,86,"Aug 02, 2019 5:22:06",110021,28.5767,77.1615
7.22806,287,33.38150237,0.641368211,1.107538059,16.14744304,10.65916253,165,"Aug 02, 2019 5:22:06",110021,28.5929,77.0346
14.4149,NULL,28,1,5.076335878,9.95,15.4,87,"Aug 02, 2019 5:22:06",110021,28.582,77.1717
14.4149,NULL,28,1,5.076335878,9.95,15.4,87,"Aug 02, 2019 5:22:06",110021,28.5834,77.1665
14.4149,NULL,28,1,5.076335878,9.95,15.4,87,"Aug 02, 2019 5:22:06",110021,28.5789,77.1651
14.6809,56,31,1,6.79389313,3.85,17,88,"Aug 02, 2019 1:22:19",110021,28.5939,77.1887
14.6809,56,31,1,6.79389313,3.85,17,90,"Aug 02, 2019 1:22:19",110021,28.5767,77.1615
8.3879,136,36.29979401,0.5953963495,2.415726521,3.638675389,13.70960831,104,"Aug 02, 2019 1:22:19",110021,28.5929,77.0346
14.6809,56,31,1,6.79389313,3.85,17,89,"Aug 02, 2019 1:22:19",110021,28.582,77.1717
14.6809,56,31,1,6.79389313,3.85,17,90,"Aug 02, 2019 1:22:19",110021,28.5834,77.1665
14.6809,56,31,1,6.79389313,3.85,17,90,"Aug 02, 2019 1:22:19",110021,28.5789,77.1651
NULL,61,24,NULL,NULL,4.35,NULL,76,"Aug 01, 2019 22:51:52",110021,28.5939,77.1887
NULL,61,24,NULL,NULL,4.35,NULL,76,"Aug 01, 2019 22:51:52",110021,28.5767,77.1615
6.92021,79,31.77144789,0.54,1.816793893,5.257858592,9.91,91,"Aug 01, 2019 22:51:52",110021,28.5929,77.0346
NULL,61,24,NULL,NULL,4.35,NULL,76,"Aug 01, 2019 22:51:52",110021,28.582,77.1717
NULL,61,24,NULL,NULL,4.35,NULL,76,"Aug 01, 2019 22:51:52",110021,28.5834,77.1665
NULL,61,24,NULL,NULL,4.35,NULL,76,"Aug 01, 2019 22:51:52",110021,28.5789,77.1651
14.8404,61,28,0.9,6.79389313,4.4,17.8,86,"Aug 01, 2019 22:22:24",110021,28.5939,77.1887
14.8404,61,28,0.9,6.79389313,4.4,17.8,86,"Aug 01, 2019 22:22:24",110021,28.5767,77.1615
7.65744,70,33.7135547,0.2433709628,2.507478925,3.8557653,11.60724063,95,"Aug 01, 2019 22:22:24",110021,28.5929,77.0346
14.8404,61,28,0.9,6.79389313,4.4,17.8,87,"Aug 01, 2019 22:22:24",110021,28.582,77.1717
14.8404,61,28,0.9,6.79389313,4.4,17.8,88,"Aug 01, 2019 22:22:24",110021,28.5834,77.1665
14.8404,61,28,0.9,6.79389313,4.4,17.8,85,"Aug 01, 2019 22:22:24",110021,28.5789,77.1651
20.6383,59,23,1.1,3.969465649,NULL,24.7,75,"Aug 01, 2019 20:52:34",110021,28.5939,77.1887
20.6383,59,23,1.1,3.969465649,NULL,24.7,75,"Aug 01, 2019 20:52:34",110021,28.5767,77.1615
8.60632,105,36.54831829,0.2257309421,2.168905463,5.24,13.03061041,102,"Aug 01, 2019 20:52:34",110021,28.5929,77.0346
20.6383,59,23,1.1,3.969465649,NULL,24.7,78,"Aug 01, 2019 20:52:34",110021,28.582,77.1717
20.6383,59,23,1.1,3.969465649,NULL,24.7,77,"Aug 01, 2019 20:52:34",110021,28.5834,77.1665
20.6383,59,23,1.1,3.969465649,NULL,24.7,75,"Aug 01, 2019 20:52:34",110021,28.5789,77.1651
23.0319,53,13,1,6.374045802,5.4,26.1,52,"Aug 01, 2019 16:50:33",110021,28.5939,77.1887
23.0319,53,13,1,6.374045802,5.4,26.1,49,"Aug 01, 2019 16:50:33",110021,28.5767,77.1615
8.50131,217,43.88579313,0.9644876288,2.864756454,13.74478387,12.66461845,136,"Aug 01, 2019 16:50:33",110021,28.5929,77.0346
23.0319,53,13,1,6.374045802,5.4,26.1,50,"Aug 01, 2019 16:50:33",110021,28.582,77.1717
23.0319,53,13,1,6.374045802,5.4,26.1,52,"Aug 01, 2019 16:50:33",110021,28.5834,77.1665
23.0319,53,13,1,6.374045802,5.4,26.1,50,"Aug 01, 2019 16:50:33",110021,28.5789,77.1651
27.234,67,16,1.4,5.916030534,3.5,37,57,"Aug 01, 2019 15:22:14",110021,28.5939,77.1887
27.234,67,16,1.4,5.916030534,3.5,37,56,"Aug 01, 2019 15:22:14",110021,28.5767,77.1615
9.33545,224,70.7210371,0.9978129559,1.280852406,8.466043265,12.7327721,155,"Aug 01, 2019 15:22:14",110021,28.5929,77.0346
27.234,67,16,1.4,5.916030534,3.5,37,58,"Aug 01, 2019 15:22:14",110021,28.582,77.1717
27.234,67,16,1.4,5.916030534,3.5,37,56,"Aug 01, 2019 15:22:14",110021,28.5834,77.1665
27.234,67,16,1.4,5.916030534,3.5,37,57,"Aug 01, 2019 15:22:14",110021,28.5789,77.1651
13.9894,81,28,1,4.503816794,14.75,15,88,"Aug 01, 2019 10:22:16",110021,28.5939,77.1887
13.9894,81,28,1,4.503816794,14.75,15,85,"Aug 01, 2019 10:22:16",110021,28.5767,77.1615
5.80724,295,28.36911441,0.6889021832,1.790395832,31.12719609,9.697254544,168,"Aug 01, 2019 10:22:16",110021,28.5929,77.0346
13.9894,81,28,1,4.503816794,14.75,15,88,"Aug 01, 2019 10:22:16",110021,28.582,77.1717
13.9894,81,28,1,4.503816794,14.75,15,88,"Aug 01, 2019 10:22:16",110021,28.5834,77.1665
13.9894,81,28,1,4.503816794,14.75,15,87,"Aug 01, 2019 10:22:16",110021,28.5789,77.1651
14.6277,72,36,0.9,5.381679389,9.25,15.2,105,"Aug 01, 2019 9:27:47",110021,28.5939,77.1887
14.6277,72,36,0.9,5.381679389,9.25,15.2,106,"Aug 01, 2019 9:27:47",110021,28.5767,77.1615
5.76951,296,48.26681513,1.201209687,3.677704867,19.56455005,10.26489363,170,"Aug 01, 2019 9:27:47",110021,28.5929,77.0346
14.6277,72,36,0.9,5.381679389,9.25,15.2,104,"Aug 01, 2019 9:27:47",110021,28.582,77.1717
14.6277,72,36,0.9,5.381679389,9.25,15.2,104,"Aug 01, 2019 9:27:47",110021,28.5834,77.1665
14.6277,72,36,0.9,5.381679389,9.25,15.2,106,"Aug 01, 2019 9:27:47",110021,28.5789,77.1651
17.1809,69,34,1.1,5.229007634,7.5,19.5,96,"Aug 01, 2019 5:22:02",110021,28.5939,77.1887
17.1809,69,34,1.1,5.229007634,7.5,19.5,93,"Aug 01, 2019 5:22:02",110021,28.5767,77.1615
7.79016,301,62.85209369,0.7729845469,4.309715666,14.99974232,12.38960194,176,"Aug 01, 2019 5:22:02",110021,28.5929,77.0346
17.1809,69,34,1.1,5.229007634,7.5,19.5,94,"Aug 01, 2019 5:22:02",110021,28.582,77.1717
17.1809,69,34,1.1,5.229007634,7.5,19.5,95,"Aug 01, 2019 5:22:02",110021,28.5834,77.1665
17.1809,69,34,1.1,5.229007634,7.5,19.5,95,"Aug 01, 2019 5:22:02",110021,28.5789,77.1651
17.0745,70,30,1.1,5.229007634,3.75,20.3,86,"Aug 01, 2019 0:51:28",110021,28.5939,77.1887
17.0745,70,30,1.1,5.229007634,3.75,20.3,88,"Aug 01, 2019 0:51:28",110021,28.5767,77.1615
7.53726,91,41.68877878,0.4402813855,4.740316557,5.628860699,10.68363065,113,"Aug 01, 2019 0:51:28",110021,28.5929,77.0346
17.0745,70,30,1.1,5.229007634,3.75,20.3,85,"Aug 01, 2019 0:51:28",110021,28.582,77.1717
17.0745,70,30,1.1,5.229007634,3.75,20.3,87,"Aug 01, 2019 0:51:28",110021,28.5834,77.1665
17.0745,70,30,1.1,5.229007634,3.75,20.3,87,"Aug 01, 2019 0:51:28",110021,28.5789,77.1651
27.0745,111,33,1.4,5.877862595,3.1,42.6,93,"Jul 31, 2019 21:04:43",110021,28.5939,77.1887
27.0745,111,33,1.4,5.877862595,3.1,42.6,93,"Jul 31, 2019 21:04:43",110021,28.5767,77.1615
9.52005,130,56.58407762,0.8579828369,3.570535936,1.755439218,14.85833857,156,"Jul 31, 2019 21:04:43",110021,28.5929,77.0346
27.0745,111,33,1.4,5.877862595,3.1,42.6,92,"Jul 31, 2019 21:04:43",110021,28.582,77.1717
27.0745,111,33,1.4,5.877862595,3.1,42.6,93,"Jul 31, 2019 21:04:43",110021,28.5834,77.1665
27.0745,111,33,1.4,5.877862595,3.1,42.6,92,"Jul 31, 2019 21:04:43",110021,28.5789,77.1651
30.8511,125,29,1.8,7.519083969,3.35,49.4,85,"Jul 31, 2019 16:03:59",110021,28.5939,77.1887
30.8511,125,29,1.8,7.519083969,3.35,49.4,84,"Jul 31, 2019 16:03:59",110021,28.5767,77.1615
10.1853,173,42.34323935,1.326377127,4.285248237,4.349879906,14.11410348,116,"Jul 31, 2019 16:03:59",110021,28.5929,77.0346
30.8511,125,29,1.8,7.519083969,3.35,49.4,86,"Jul 31, 2019 16:03:59",110021,28.582,77.1717
30.8511,125,29,1.8,7.519083969,3.35,49.4,86,"Jul 31, 2019 16:03:59",110021,28.5834,77.1665
30.8511,125,29,1.8,7.519083969,3.35,49.4,86,"Jul 31, 2019 16:03:59",110021,28.5789,77.1651
24.3617,99,31,1.3,4.389312977,7.65,27.4,88,"Jul 31, 2019 13:33:52",110021,28.5939,77.1887
24.3617,99,31,1.3,4.389312977,7.65,27.4,88,"Jul 31, 2019 13:33:52",110021,28.5767,77.1615
7.44712,161,47.23853819,0.9656358851,3.871111756,19.11805066,12.70929972,126,"Jul 31, 2019 13:33:52",110021,28.5929,77.0346
24.3617,99,31,1.3,4.389312977,7.65,27.4,90,"Jul 31, 2019 13:33:52",110021,28.582,77.1717
24.3617,99,31,1.3,4.389312977,7.65,27.4,87,"Jul 31, 2019 13:33:52",110021,28.5834,77.1665
24.3617,99,31,1.3,4.389312977,7.65,27.4,88,"Jul 31, 2019 13:33:52",110021,28.5789,77.1651
28.5638,72,31,1.4,4.351145038,10.1,31,90,"Jul 31, 2019 12:22:21",110021,28.5939,77.1887
28.5638,72,31,1.4,4.351145038,10.1,31,88,"Jul 31, 2019 12:22:21",110021,28.5767,77.1615
7.7041,171,56.67264962,0.6200912714,3.443235303,32.82728159,11.65662306,154,"Jul 31, 2019 12:22:21",110021,28.5929,77.0346
28.5638,72,31,1.4,4.351145038,10.1,31,90,"Jul 31, 2019 12:22:21",110021,28.582,77.1717
28.5638,72,31,1.4,4.351145038,10.1,31,87,"Jul 31, 2019 12:22:21",110021,28.5834,77.1665
28.5638,72,31,1.4,4.351145038,10.1,31,88,"Jul 31, 2019 12:22:21",110021,28.5789,77.1651
3.26133,157,37.9038438,0.4185771982,3.027815074,16.64730545,7.549244841,105,"Jul 31, 2019 9:15:12",110021,28.5929,77.0346
21.0638,106,34,2,4.351145038,5.45,25.1,94,"Jul 31, 2019 9:07:49",110021,28.5939,77.1887
21.0638,106,34,2,4.351145038,5.45,25.1,94,"Jul 31, 2019 9:07:49",110021,28.5767,77.1615
7.41118,117,60.01372728,0.191390846,3.45629409,13.11825626,10.32910089,150,"Jul 31, 2019 9:07:49",110021,28.5929,77.0346
21.0638,106,34,2,4.351145038,5.45,25.1,95,"Jul 31, 2019 9:07:49",110021,28.582,77.1717
21.0638,106,34,2,4.351145038,5.45,25.1,96,"Jul 31, 2019 9:07:49",110021,28.5834,77.1665
21.0638,106,34,2,4.351145038,5.45,25.1,93,"Jul 31, 2019 9:07:49",110021,28.5789,77.1651
22.1277,89,28,2.3,4.770992366,4.25,27.9,85,"Jul 31, 2019 7:15:46",110021,28.5939,77.1887
22.1277,89,28,2.3,4.770992366,4.25,27.9,88,"Jul 31, 2019 7:15:46",110021,28.5767,77.1615
9.90163,83,76.24794209,0.5266228497,4.011353395,6.296722473,14.64251879,165,"Jul 31, 2019 7:15:46",110021,28.5929,77.0346
22.1277,89,28,2.3,4.770992366,4.25,27.9,88,"Jul 31, 2019 7:15:46",110021,28.582,77.1717
22.1277,89,28,2.3,4.770992366,4.25,27.9,86,"Jul 31, 2019 7:15:46",110021,28.5834,77.1665
22.1277,89,28,2.3,4.770992366,4.25,27.9,88,"Jul 31, 2019 7:15:46",110021,28.5789,77.1651
20.7979,59,19,1.5,5,3.25,45.2,70,"Jul 31, 2019 6:55:19",110021,28.5939,77.1887
20.7979,59,19,1.5,5,3.25,45.2,67,"Jul 31, 2019 6:55:19",110021,28.5767,77.1615
9.47922,55,50.46757068,1.256372689,4.054904642,3.250840658,17.74975942,134,"Jul 31, 2019 6:55:19",110021,28.5929,77.0346
20.7979,59,19,1.5,5,3.25,45.2,69,"Jul 31, 2019 6:55:19",110021,28.582,77.1717
20.7979,59,19,1.5,5,3.25,45.2,68,"Jul 31, 2019 6:55:19",110021,28.5834,77.1665
20.7979,59,19,1.5,5,3.25,45.2,69,"Jul 31, 2019 6:55:19",110021,28.5789,77.1651
12.234,28,23,0.9,6.335877863,4.3,14.8,75,"Jul 31, 2019 4:59:27",110021,28.5939,77.1887
12.234,28,23,0.9,6.335877863,4.3,14.8,76,"Jul 31, 2019 4:59:27",110021,28.5767,77.1615
7.61903,61,45.42930767,0.4616571679,4.022722575,4.361341711,11.14595061,128,"Jul 31, 2019 4:59:27",110021,28.5929,77.0346
12.234,28,23,0.9,6.335877863,4.3,14.8,78,"Jul 31, 2019 4:59:27",110021,28.582,77.1717
12.234,28,23,0.9,6.335877863,4.3,14.8,77,"Jul 31, 2019 4:59:27",110021,28.5834,77.1665
12.234,28,23,0.9,6.335877863,4.3,14.8,78,"Jul 31, 2019 4:59:27",110021,28.5789,77.1651
19.8936,51,9,1.5,4.65648855,2.7,40.1,44,"Jul 31, 2019 3:22:13",110021,28.5939,77.1887
19.8936,51,9,1.5,4.65648855,2.7,40.1,46,"Jul 31, 2019 3:22:13",110021,28.5767,77.1615
9.99613,51,74.35806577,0.5572003977,4.285222131,3.416180459,19.76406967,157,"Jul 31, 2019 3:22:13",110021,28.5929,77.0346
19.8936,51,9,1.5,4.65648855,2.7,40.1,43,"Jul 31, 2019 3:22:13",110021,28.582,77.1717
19.8936,51,9,1.5,4.65648855,2.7,40.1,46,"Jul 31, 2019 3:22:13",110021,28.5834,77.1665
19.8936,51,9,1.5,4.65648855,2.7,40.1,46,"Jul 31, 2019 3:22:13",110021,28.5789,77.1651
16.7021,38,22,1.4,5.839694656,3.05,44.9,75,"Jul 31, 2019 2:22:20",110021,28.5939,77.1887
16.7021,38,22,1.4,5.839694656,3.05,44.9,75,"Jul 31, 2019 2:22:20",110021,28.5767,77.1615
9.16949,62,51.05284924,0.4734598323,4.08239764,2.949313636,16.14903885,135,"Jul 31, 2019 2:22:20",110021,28.5929,77.0346
16.7021,38,22,1.4,5.839694656,3.05,44.9,75,"Jul 31, 2019 2:22:20",110021,28.582,77.1717
16.7021,38,22,1.4,5.839694656,3.05,44.9,73,"Jul 31, 2019 2:22:20",110021,28.5834,77.1665
16.7021,38,22,1.4,5.839694656,3.05,44.9,73,"Jul 31, 2019 2:22:20",110021,28.5789,77.1651
14.1489,63,31,0.8,6.259541985,4.65,16.2,90,"Jul 31, 2019 0:40:05",110021,28.5939,77.1887
14.1489,63,31,0.8,6.259541985,4.65,16.2,90,"Jul 31, 2019 0:40:05",110021,28.5767,77.1615
7.74309,47,32.81863443,0.8047611564,3.711642109,5.374176245,11.4807826,92,"Jul 31, 2019 0:40:05",110021,28.5929,77.0346
14.1489,63,31,0.8,6.259541985,4.65,16.2,90,"Jul 31, 2019 0:40:05",110021,28.582,77.1717
14.1489,63,31,0.8,6.259541985,4.65,16.2,88,"Jul 31, 2019 0:40:05",110021,28.5834,77.1665
14.1489,63,31,0.8,6.259541985,4.65,16.2,89,"Jul 31, 2019 0:40:05",110021,28.5789,77.1651
8.51064,57,38.47539507,0.4509,4.427480916,7.108132979,12.32,103,"Jul 30, 2019 23:37:15",110021,28.5929,77.0346
32.3936,112,27,2.3,6.450381679,3.1,59.5,86,"Jul 30, 2019 17:44:06",110021,28.5939,77.1887
32.3936,112,27,2.3,6.450381679,3.1,59.5,84,"Jul 30, 2019 17:44:06",110021,28.5767,77.1615
13.0106,193,43.37429673,1.738842136,3.264498187,4.132892989,19.60274467,122,"Jul 30, 2019 17:44:06",110021,28.5929,77.0346
32.3936,112,27,2.3,6.450381679,3.1,59.5,86,"Jul 30, 2019 17:44:06",110021,28.582,77.1717
32.3936,112,27,2.3,6.450381679,3.1,59.5,83,"Jul 30, 2019 17:44:06",110021,28.5834,77.1665
32.3936,112,27,2.3,6.450381679,3.1,59.5,84,"Jul 30, 2019 17:44:06",110021,28.5789,77.1651
30.0532,96,25,1.9,7.442748092,4.7,51.9,80,"Jul 30, 2019 16:41:24",110021,28.5939,77.1887
30.0532,96,25,1.9,7.442748092,4.7,51.9,81,"Jul 30, 2019 16:41:24",110021,28.5767,77.1615
13.2051,160,61.7786901,1.34177144,3.172903025,6.108888138,18.46781008,157,"Jul 30, 2019 16:41:24",110021,28.5929,77.0346
30.0532,96,25,1.9,7.442748092,4.7,51.9,79,"Jul 30, 2019 16:41:24",110021,28.582,77.1717
30.0532,96,25,1.9,7.442748092,4.7,51.9,81,"Jul 30, 2019 16:41:24",110021,28.5834,77.1665
30.0532,96,25,1.9,7.442748092,4.7,51.9,79,"Jul 30, 2019 16:41:24",110021,28.5789,77.1651
27.3404,84,27,1.5,4.580152672,7.65,35.1,85,"Jul 30, 2019 13:22:17",110021,28.5939,77.1887
27.3404,84,27,1.5,4.580152672,7.65,35.1,85,"Jul 30, 2019 13:22:17",110021,28.5767,77.1615
10.7483,136,66.90662424,0.8127666283,3.244916533,10.49184953,14.28435122,156,"Jul 30, 2019 13:22:17",110021,28.5929,77.0346
27.3404,84,27,1.5,4.580152672,7.65,35.1,83,"Jul 30, 2019 13:22:17",110021,28.582,77.1717
27.3404,84,27,1.5,4.580152672,7.65,35.1,85,"Jul 30, 2019 13:22:17",110021,28.5834,77.1665
27.3404,84,27,1.5,4.580152672,7.65,35.1,85,"Jul 30, 2019 13:22:17",110021,28.5789,77.1651
26.2766,NULL,NULL,1.3,5.267175573,7.5,31.4,23,"Jul 30, 2019 12:04:56",110021,28.5939,77.1887
26.2766,NULL,NULL,1.3,5.267175573,7.5,31.4,21,"Jul 30, 2019 12:04:56",110021,28.5767,77.1615
9.02353,233,49.13335666,0.4356056787,2.979338893,20.12177397,13.34574462,142,"Jul 30, 2019 12:04:56",110021,28.5929,77.0346
26.2766,NULL,NULL,1.3,5.267175573,7.5,31.4,24,"Jul 30, 2019 12:04:56",110021,28.582,77.1717
26.2766,NULL,NULL,1.3,5.267175573,7.5,31.4,23,"Jul 30, 2019 12:04:56",110021,28.5834,77.1665
26.2766,NULL,NULL,1.3,5.267175573,7.5,31.4,24,"Jul 30, 2019 12:04:56",110021,28.5789,77.1651
18.9894,78,12,1,5.114503817,4.65,26.4,65,"Jul 30, 2019 9:45:28",110021,28.5939,77.1887
18.9894,78,12,1,5.114503817,4.65,26.4,63,"Jul 30, 2019 9:45:28",110021,28.5767,77.1615
9.69942,182,37.86942379,0.7483990934,3.722749318,8.743016266,15.63349346,117,"Jul 30, 2019 9:45:28",110021,28.5929,77.0346
18.9894,78,12,1,5.114503817,4.65,26.4,65,"Jul 30, 2019 9:45:28",110021,28.582,77.1717
18.9894,78,12,1,5.114503817,4.65,26.4,64,"Jul 30, 2019 9:45:28",110021,28.5834,77.1665
18.9894,78,12,1,5.114503817,4.65,26.4,65,"Jul 30, 2019 9:45:28",110021,28.5789,77.1651
23.4043,75,23,1.4,4.160305344,5.15,29.4,77,"Jul 30, 2019 9:22:24",110021,28.5939,77.1887
23.4043,75,23,1.4,4.160305344,5.15,29.4,76,"Jul 30, 2019 9:22:24",110021,28.5767,77.1615
9.87646,171,29.8288607,0.6050761682,3.306805147,25.21499622,14.08225792,105,"Jul 30, 2019 9:22:24",110021,28.5929,77.0346
23.4043,75,23,1.4,4.160305344,5.15,29.4,78,"Jul 30, 2019 9:22:24",110021,28.582,77.1717
23.4043,75,23,1.4,4.160305344,5.15,29.4,75,"Jul 30, 2019 9:22:24",110021,28.5834,77.1665
23.4043,75,23,1.4,4.160305344,5.15,29.4,75,"Jul 30, 2019 9:22:24",110021,28.5789,77.1651
17.1809,81,44,1,4.65648855,17.35,23.3,124,"Jul 30, 2019 3:59:29",110021,28.5939,77.1887
17.1809,81,44,1,4.65648855,17.35,23.3,125,"Jul 30, 2019 3:59:29",110021,28.5767,77.1615
9.37234,78,41.97690539,0.3064,3.152671756,4.34595061,14.39,115,"Jul 30, 2019 3:59:29",110021,28.5929,77.0346
17.1809,81,44,1,4.65648855,17.35,23.3,126,"Jul 30, 2019 3:59:29",110021,28.582,77.1717
17.1809,81,44,1,4.65648855,17.35,23.3,126,"Jul 30, 2019 3:59:29",110021,28.5834,77.1665
17.1809,81,44,1,4.65648855,17.35,23.3,125,"Jul 30, 2019 3:59:29",110021,28.5789,77.1651
17.8723,78,22,1,4.618320611,3.25,27.1,75,"Jul 30, 2019 3:22:16",110021,28.5939,77.1887
17.8723,78,22,1,4.618320611,3.25,27.1,74,"Jul 30, 2019 3:22:16",110021,28.5767,77.1615
11.5431,222,41.53761164,1.126062115,3.306700419,3.68965324,19.67765936,137,"Jul 30, 2019 3:22:16",110021,28.5929,77.0346
17.8723,78,22,1,4.618320611,3.25,27.1,73,"Jul 30, 2019 3:22:16",110021,28.582,77.1717
17.8723,78,22,1,4.618320611,3.25,27.1,73,"Jul 30, 2019 3:22:16",110021,28.5834,77.1665
17.8723,78,22,1,4.618320611,3.25,27.1,74,"Jul 30, 2019 3:22:16",110021,28.5789,77.1651
16.2766,68,22,0.9,5.496183206,4.4,19.3,73,"Jul 29, 2019 23:53:03",110021,28.5939,77.1887
16.2766,68,22,0.9,5.496183206,4.4,19.3,73,"Jul 29, 2019 23:53:03",110021,28.5767,77.1615
10.9734,62,43.25394679,0.4244,3.194656489,4.695264246,16.23,115,"Jul 29, 2019 23:53:03",110021,28.5929,77.0346
16.2766,68,22,0.9,5.496183206,4.4,19.3,74,"Jul 29, 2019 23:53:03",110021,28.582,77.1717
16.2766,68,22,0.9,5.496183206,4.4,19.3,74,"Jul 29, 2019 23:53:03",110021,28.5834,77.1665
16.2766,68,22,0.9,5.496183206,4.4,19.3,75,"Jul 29, 2019 23:53:03",110021,28.5789,77.1651
18.1915,68,33,1,4.961832061,5.75,23.9,93,"Jul 29, 2019 23:22:07",110021,28.5939,77.1887
18.1915,68,33,1,4.961832061,5.75,23.9,94,"Jul 29, 2019 23:22:07",110021,28.5767,77.1615
10.9043,69,33.01300672,0.3236,3.183206107,4.48905277,14.4,91,"Jul 29, 2019 23:22:07",110021,28.5929,77.0346
18.1915,68,33,1,4.961832061,5.75,23.9,93,"Jul 29, 2019 23:22:07",110021,28.582,77.1717
18.1915,68,33,1,4.961832061,5.75,23.9,94,"Jul 29, 2019 23:22:07",110021,28.5834,77.1665
18.1915,68,33,1,4.961832061,5.75,23.9,92,"Jul 29, 2019 23:22:07",110021,28.5789,77.1651
16.8497,161,89.11256212,1.007287231,3.400351886,2.409128326,26.26098143,171,"Jul 29, 2019 21:34:17",110021,28.5929,77.0346
NULL,59,22,NULL,NULL,4,NULL,72,"Jul 29, 2019 21:22:20",110021,28.5939,77.1887
NULL,59,22,NULL,NULL,4,NULL,72,"Jul 29, 2019 21:22:20",110021,28.5767,77.1615
12.4521,73,43.58623931,0.5336,3.160305344,3.057532509,17.58,124,"Jul 29, 2019 21:22:20",110021,28.5929,77.0346
NULL,59,22,NULL,NULL,4,NULL,72,"Jul 29, 2019 21:22:20",110021,28.582,77.1717
NULL,59,22,NULL,NULL,4,NULL,72,"Jul 29, 2019 21:22:20",110021,28.5834,77.1665
NULL,59,22,NULL,NULL,4,NULL,72,"Jul 29, 2019 21:22:20",110021,28.5789,77.1651
24.3617,81,23,1.6,5.496183206,3.2,39.5,77,"Jul 29, 2019 20:17:02",110021,28.5939,77.1887
24.3617,81,23,1.6,5.496183206,3.2,39.5,76,"Jul 29, 2019 20:17:02",110021,28.5767,77.1615
17.6434,166,54.43881337,1.161336621,3.446273926,2.347220344,29.97402156,146,"Jul 29, 2019 20:17:02",110021,28.5929,77.0346
24.3617,81,23,1.6,5.496183206,3.2,39.5,78,"Jul 29, 2019 20:17:02",110021,28.582,77.1717
24.3617,81,23,1.6,5.496183206,3.2,39.5,77,"Jul 29, 2019 20:17:02",110021,28.5834,77.1665
24.3617,81,23,1.6,5.496183206,3.2,39.5,75,"Jul 29, 2019 20:17:02",110021,28.5789,77.1651
26.8085,79,NULL,1.6,7.404580153,3.25,40.8,60,"Jul 29, 2019 17:08:42",110021,28.5939,77.1887
26.8085,79,NULL,1.6,7.404580153,3.25,40.8,62,"Jul 29, 2019 17:08:42",110021,28.5767,77.1615
18.5876,180,43.95223128,1.184100847,3.698006865,2.330490715,24.92532549,123,"Jul 29, 2019 17:08:42",110021,28.5929,77.0346
26.8085,79,NULL,1.6,7.404580153,3.25,40.8,61,"Jul 29, 2019 17:08:42",110021,28.582,77.1717
26.8085,79,NULL,1.6,7.404580153,3.25,40.8,61,"Jul 29, 2019 17:08:42",110021,28.5834,77.1665
26.8085,79,NULL,1.6,7.404580153,3.25,40.8,61,"Jul 29, 2019 17:08:42",110021,28.5789,77.1651
27.4468,64,NULL,1.5,5.038167939,3.1,47.6,52,"Jul 29, 2019 16:46:31",110021,28.5939,77.1887
27.4468,64,NULL,1.5,5.038167939,3.1,47.6,54,"Jul 29, 2019 16:46:31",110021,28.5767,77.1615
14.5758,183,47.48668391,0.5919622065,3.12072009,5.530130433,20.4615986,128,"Jul 29, 2019 16:46:31",110021,28.5929,77.0346
27.4468,64,NULL,1.5,5.038167939,3.1,47.6,54,"Jul 29, 2019 16:46:31",110021,28.582,77.1717
27.4468,64,NULL,1.5,5.038167939,3.1,47.6,51,"Jul 29, 2019 16:46:31",110021,28.5834,77.1665
27.4468,64,NULL,1.5,5.038167939,3.1,47.6,54,"Jul 29, 2019 16:46:31",110021,28.5789,77.1651
25.4255,77,23,1.8,6.41221374,3.3,43.3,75,"Jul 29, 2019 16:22:03",110021,28.5939,77.1887
25.4255,77,23,1.8,6.41221374,3.3,43.3,75,"Jul 29, 2019 16:22:03",110021,28.5767,77.1615
19.0305,186,49.37357617,1.297577858,3.430307351,2.610037778,26.24220941,136,"Jul 29, 2019 16:22:03",110021,28.5929,77.0346
25.4255,77,23,1.8,6.41221374,3.3,43.3,76,"Jul 29, 2019 16:22:03",110021,28.582,77.1717
25.4255,77,23,1.8,6.41221374,3.3,43.3,75,"Jul 29, 2019 16:22:03",110021,28.5834,77.1665
25.4255,77,23,1.8,6.41221374,3.3,43.3,78,"Jul 29, 2019 16:22:03",110021,28.5789,77.1651
26.8617,52,28,0.3,5.305343511,5.45,40.3,88,"Jul 29, 2019 13:41:39",110021,28.5939,77.1887
26.8617,52,28,0.3,5.305343511,5.45,40.3,85,"Jul 29, 2019 13:41:39",110021,28.5767,77.1615
8.85618,140,33.60428997,0.5024780371,2.231841961,17.49387442,12.58311608,96,"Jul 29, 2019 13:41:39",110021,28.5929,77.0346
26.8617,52,28,0.3,5.305343511,5.45,40.3,86,"Jul 29, 2019 13:41:39",110021,28.582,77.1717
26.8617,52,28,0.3,5.305343511,5.45,40.3,88,"Jul 29, 2019 13:41:39",110021,28.5834,77.1665
26.8617,52,28,0.3,5.305343511,5.45,40.3,85,"Jul 29, 2019 13:41:39",110021,28.5789,77.1651
23.1383,81,24,0.4,5,5.45,30.4,79,"Jul 29, 2019 13:13:36",110021,28.5939,77.1887
23.1383,81,24,0.4,5,5.45,30.4,79,"Jul 29, 2019 13:13:36",110021,28.5767,77.1615
8.96247,136,28.734626,0.6005713605,2.422865005,17.33340756,13.36839384,89,"Jul 29, 2019 13:13:36",110021,28.5929,77.0346
23.1383,81,24,0.4,5,5.45,30.4,77,"Jul 29, 2019 13:13:36",110021,28.582,77.1717
23.1383,81,24,0.4,5,5.45,30.4,78,"Jul 29, 2019 13:13:36",110021,28.5834,77.1665
23.1383,81,24,0.4,5,5.45,30.4,80,"Jul 29, 2019 13:13:36",110021,28.5789,77.1651
23.5106,74,17,1.2,5.229007634,4.15,28.2,57,"Jul 29, 2019 12:47:07",110021,28.5939,77.1887
23.5106,74,17,1.2,5.229007634,4.15,28.2,58,"Jul 29, 2019 12:47:07",110021,28.5767,77.1615
8.52378,110,28.28006203,1.499367209,2.243302815,16.53701078,13.23232672,87,"Jul 29, 2019 12:47:07",110021,28.5929,77.0346
23.5106,74,17,1.2,5.229007634,4.15,28.2,60,"Jul 29, 2019 12:47:07",110021,28.582,77.1717
23.5106,74,17,1.2,5.229007634,4.15,28.2,60,"Jul 29, 2019 12:47:07",110021,28.5834,77.1665
23.5106,74,17,1.2,5.229007634,4.15,28.2,59,"Jul 29, 2019 12:47:07",110021,28.5789,77.1651
20.6915,83,29,1.3,6.145038168,6,23.9,84,"Jul 29, 2019 10:38:23",110021,28.5939,77.1887
20.6915,83,29,1.3,6.145038168,6,23.9,83,"Jul 29, 2019 10:38:23",110021,28.5767,77.1615
7.90784,106,29.07402235,1.290613942,2.262609445,14.93229212,12.31108442,84,"Jul 29, 2019 10:38:23",110021,28.5929,77.0346
20.6915,83,29,1.3,6.145038168,6,23.9,83,"Jul 29, 2019 10:38:23",110021,28.582,77.1717
20.6915,83,29,1.3,6.145038168,6,23.9,83,"Jul 29, 2019 10:38:23",110021,28.5834,77.1665
20.6915,83,29,1.3,6.145038168,6,23.9,83,"Jul 29, 2019 10:38:23",110021,28.5789,77.1651
20.7447,61,27,2.1,5.190839695,5.65,25.8,85,"Jul 29, 2019 6:22:15",110021,28.5939,77.1887
20.7447,61,27,2.1,5.190839695,5.65,25.8,85,"Jul 29, 2019 6:22:15",110021,28.5767,77.1615
8.04371,83,37.04814729,0.8743411142,2.668887097,12.49178073,11.94018531,104,"Jul 29, 2019 6:22:15",110021,28.5929,77.0346
20.7447,61,27,2.1,5.190839695,5.65,25.8,84,"Jul 29, 2019 6:22:15",110021,28.582,77.1717
20.7447,61,27,2.1,5.190839695,5.65,25.8,86,"Jul 29, 2019 6:22:15",110021,28.5834,77.1665
20.7447,61,27,2.1,5.190839695,5.65,25.8,84,"Jul 29, 2019 6:22:15",110021,28.5789,77.1651
12.2872,34,12,1.1,6.145038168,3.85,15,52,"Jul 29, 2019 4:33:36",110021,28.5939,77.1887
12.2872,34,12,1.1,6.145038168,3.85,15,54,"Jul 29, 2019 4:33:36",110021,28.5767,77.1615
17.2504,35,31.79011731,1,8.594610559,3.799931205,19.37862091,90,"Jul 29, 2019 4:33:36",110021,28.5929,77.0346
12.2872,34,12,1.1,6.145038168,3.85,15,54,"Jul 29, 2019 4:33:36",110021,28.582,77.1717
12.2872,34,12,1.1,6.145038168,3.85,15,52,"Jul 29, 2019 4:33:36",110021,28.5834,77.1665
12.2872,34,12,1.1,6.145038168,3.85,15,51,"Jul 29, 2019 4:33:36",110021,28.5789,77.1651
13.5106,36,11,1,5.839694656,3.65,16.3,47,"Jul 29, 2019 1:22:34",110021,28.5939,77.1887
13.5106,36,11,1,5.839694656,3.65,16.3,47,"Jul 29, 2019 1:22:34",110021,28.5767,77.1615
16.7862,39,32.41558038,0.3349461011,10.41002387,3.914584643,21.15092695,90,"Jul 29, 2019 1:22:34",110021,28.5929,77.0346
13.5106,36,11,1,5.839694656,3.65,16.3,50,"Jul 29, 2019 1:22:34",110021,28.582,77.1717
13.5106,36,11,1,5.839694656,3.65,16.3,48,"Jul 29, 2019 1:22:34",110021,28.5834,77.1665
13.5106,36,11,1,5.839694656,3.65,16.3,47,"Jul 29, 2019 1:22:34",110021,28.5789,77.1651
25,85,25,1.3,7.251908397,2.75,44.7,80,"Jul 28, 2019 19:40:38",110021,28.5939,77.1887
25,85,25,1.3,7.251908397,2.75,44.7,81,"Jul 28, 2019 19:40:38",110021,28.5767,77.1615
16.9519,101,32.55446137,0.9930277807,4.364570524,1.677831153,28.18304689,91,"Jul 28, 2019 19:40:38",110021,28.5929,77.0346
25,85,25,1.3,7.251908397,2.75,44.7,82,"Jul 28, 2019 19:40:38",110021,28.582,77.1717
25,85,25,1.3,7.251908397,2.75,44.7,81,"Jul 28, 2019 19:40:38",110021,28.5834,77.1665
25,85,25,1.3,7.251908397,2.75,44.7,79,"Jul 28, 2019 19:40:38",110021,28.5789,77.1651
23.9362,152,24,1.8,5.839694656,36.2,58.2,95,"Jul 28, 2019 19:22:33",110021,28.5939,77.1887
23.9362,152,24,1.8,5.839694656,36.2,58.2,98,"Jul 28, 2019 19:22:33",110021,28.5767,77.1615
15.1178,85,33.86207977,0.7230099495,4.374525121,3.490631487,19.58390504,96,"Jul 28, 2019 19:22:33",110021,28.5929,77.0346
23.9362,152,24,1.8,5.839694656,36.2,58.2,95,"Jul 28, 2019 19:22:33",110021,28.582,77.1717
23.9362,152,24,1.8,5.839694656,36.2,58.2,97,"Jul 28, 2019 19:22:33",110021,28.5834,77.1665
23.9362,152,24,1.8,5.839694656,36.2,58.2,95,"Jul 28, 2019 19:22:33",110021,28.5789,77.1651
23.2447,52,18,0.4,6.106870229,3.25,35.6,59,"Jul 28, 2019 15:22:30",110021,28.5939,77.1887
23.2447,52,18,0.4,6.106870229,3.25,35.6,60,"Jul 28, 2019 15:22:30",110021,28.5767,77.1615
15.9882,62,26.10892273,0.6962374519,3.737563281,3.648490078,21.27079572,81,"Jul 28, 2019 15:22:30",110021,28.5929,77.0346
23.2447,52,18,0.4,6.106870229,3.25,35.6,59,"Jul 28, 2019 15:22:30",110021,28.582,77.1717
23.2447,52,18,0.4,6.106870229,3.25,35.6,60,"Jul 28, 2019 15:22:30",110021,28.5834,77.1665
23.2447,52,18,0.4,6.106870229,3.25,35.6,61,"Jul 28, 2019 15:22:30",110021,28.5789,77.1651
15.4686,50,29.98689147,0.6123393805,3.82800583,6.610724142,20.15943691,88,"Jul 28, 2019 14:52:19",110021,28.5929,77.0346
19.0426,66,27,1.1,5.763358779,6.9,22.6,83,"Jul 28, 2019 11:26:40",110021,28.5939,77.1887
19.0426,66,27,1.1,5.763358779,6.9,22.6,84,"Jul 28, 2019 11:26:40",110021,28.5767,77.1615
10.6271,97,29.54375472,0.5772810435,3.451880045,19.29589892,14.41310932,88,"Jul 28, 2019 11:26:40",110021,28.5929,77.0346
19.0426,66,27,1.1,5.763358779,6.9,22.6,86,"Jul 28, 2019 11:26:40",110021,28.582,77.1717
19.0426,66,27,1.1,5.763358779,6.9,22.6,85,"Jul 28, 2019 11:26:40",110021,28.5834,77.1665
19.0426,66,27,1.1,5.763358779,6.9,22.6,84,"Jul 28, 2019 11:26:40",110021,28.5789,77.1651
10.1847,88,36.36310971,0.6500360282,3.576168162,17.14982821,13.84265638,104,"Jul 28, 2019 7:22:16",110021,28.5929,77.0346
18.7234,55,28,1,6.06870229,6.1,22.2,88,"Jul 28, 2019 6:22:16",110021,28.5939,77.1887
18.7234,55,28,1,6.06870229,6.1,22.2,87,"Jul 28, 2019 6:22:16",110021,28.5767,77.1615
12.5291,86,38.43194973,0.6197494732,3.81091275,14.82270052,17.07038454,105,"Jul 28, 2019 6:22:16",110021,28.5929,77.0346
18.7234,55,28,1,6.06870229,6.1,22.2,87,"Jul 28, 2019 6:22:16",110021,28.582,77.1717
18.7234,55,28,1,6.06870229,6.1,22.2,85,"Jul 28, 2019 6:22:16",110021,28.5834,77.1665
18.7234,55,28,1,6.06870229,6.1,22.2,87,"Jul 28, 2019 6:22:16",110021,28.5789,77.1651
16.0638,50,17,1,5.763358779,3.7,23.2,59,"Jul 28, 2019 4:42:15",110021,28.5939,77.1887
16.0638,50,17,1,5.763358779,3.7,23.2,57,"Jul 28, 2019 4:42:15",110021,28.5767,77.1615
16.5013,51,36.68023382,0.5083472702,3.970369343,6.20291685,21.54447528,101,"Jul 28, 2019 4:42:15",110021,28.5929,77.0346
16.0638,50,17,1,5.763358779,3.7,23.2,57,"Jul 28, 2019 4:42:15",110021,28.582,77.1717
16.0638,50,17,1,5.763358779,3.7,23.2,58,"Jul 28, 2019 4:42:15",110021,28.5834,77.1665
16.0638,50,17,1,5.763358779,3.7,23.2,59,"Jul 28, 2019 4:42:15",110021,28.5789,77.1651
23.8298,89,46,1.4,6.221374046,3.15,46.1,124,"Jul 27, 2019 21:58:36",110021,28.5939,77.1887
23.8298,89,46,1.4,6.221374046,3.15,46.1,126,"Jul 27, 2019 21:58:36",110021,28.5767,77.1615
10.2564,64,56.91949258,0.8216427566,5.343026668,4.470796119,14.12034994,154,"Jul 27, 2019 21:58:36",110021,28.5929,77.0346
23.8298,89,46,1.4,6.221374046,3.15,46.1,125,"Jul 27, 2019 21:58:36",110021,28.582,77.1717
23.8298,89,46,1.4,6.221374046,3.15,46.1,124,"Jul 27, 2019 21:58:36",110021,28.5834,77.1665
23.8298,89,46,1.4,6.221374046,3.15,46.1,126,"Jul 27, 2019 21:58:36",110021,28.5789,77.1651
24.5213,101,34,1.4,6.221374046,2.8,48.4,96,"Jul 27, 2019 21:41:55",110021,28.5939,77.1887
24.5213,101,34,1.4,6.221374046,2.8,48.4,95,"Jul 27, 2019 21:41:55",110021,28.5767,77.1615
9.7953,52,41.01636935,0.781481465,4.738050493,3.523198393,13.81417267,114,"Jul 27, 2019 21:41:55",110021,28.5929,77.0346
24.5213,101,34,1.4,6.221374046,2.8,48.4,93,"Jul 27, 2019 21:41:55",110021,28.582,77.1717
24.5213,101,34,1.4,6.221374046,2.8,48.4,94,"Jul 27, 2019 21:41:55",110021,28.5834,77.1665
24.5213,101,34,1.4,6.221374046,2.8,48.4,95,"Jul 27, 2019 21:41:55",110021,28.5789,77.1651
21.4894,140,62,2.2,8.778625954,4.3,74.3,155,"Jul 27, 2019 17:28:41",110021,28.5939,77.1887
21.4894,140,62,2.2,8.778625954,4.3,74.3,156,"Jul 27, 2019 17:28:41",110021,28.5767,77.1615
16.5015,84,52.88037062,1.020761475,5.538450705,23.09761522,27.38311529,146,"Jul 27, 2019 17:28:41",110021,28.5929,77.0346
21.4894,140,62,2.2,8.778625954,4.3,74.3,158,"Jul 27, 2019 17:28:41",110021,28.582,77.1717
21.4894,140,62,2.2,8.778625954,4.3,74.3,156,"Jul 27, 2019 17:28:41",110021,28.5834,77.1665
21.4894,140,62,2.2,8.778625954,4.3,74.3,156,"Jul 27, 2019 17:28:41",110021,28.5789,77.1651
27.3936,41,24,2,7.786259542,5.85,51.3,79,"Jul 27, 2019 14:36:48",110021,28.5939,77.1887
27.3936,41,24,2,7.786259542,5.85,51.3,80,"Jul 27, 2019 14:36:48",110021,28.5767,77.1615
13.9652,66,34.68949934,1.7,4.8198483,2.95518193,19.74039051,95,"Jul 27, 2019 14:36:48",110021,28.5929,77.0346
27.3936,41,24,2,7.786259542,5.85,51.3,79,"Jul 27, 2019 14:36:48",110021,28.582,77.1717
27.3936,41,24,2,7.786259542,5.85,51.3,77,"Jul 27, 2019 14:36:48",110021,28.5834,77.1665
27.3936,41,24,2,7.786259542,5.85,51.3,79,"Jul 27, 2019 14:36:48",110021,28.5789,77.1651
27.8191,31,11,1.7,6.870229008,3.1,56.6,48,"Jul 27, 2019 13:22:30",110021,28.5939,77.1887
27.8191,31,11,1.7,6.870229008,3.1,56.6,50,"Jul 27, 2019 13:22:30",110021,28.5767,77.1615
11.8329,41,43.2747779,0.5006808289,4.45500002,5.153139938,16.30703464,118,"Jul 27, 2019 13:22:30",110021,28.5929,77.0346
27.8191,31,11,1.7,6.870229008,3.1,56.6,49,"Jul 27, 2019 13:22:30",110021,28.582,77.1717
27.8191,31,11,1.7,6.870229008,3.1,56.6,49,"Jul 27, 2019 13:22:30",110021,28.5834,77.1665
27.8191,31,11,1.7,6.870229008,3.1,56.6,50,"Jul 27, 2019 13:22:30",110021,28.5789,77.1651
23.8298,50,31,1.4,7.519083969,4.7,34.6,87,"Jul 27, 2019 12:34:57",110021,28.5939,77.1887
23.8298,50,31,1.4,7.519083969,4.7,34.6,89,"Jul 27, 2019 12:34:57",110021,28.5767,77.1615
6.92508,34,40.43026842,1.059742633,3.713056693,9.172631728,10.71938919,114,"Jul 27, 2019 12:34:57",110021,28.5929,77.0346
23.8298,50,31,1.4,7.519083969,4.7,34.6,90,"Jul 27, 2019 12:34:57",110021,28.582,77.1717
23.8298,50,31,1.4,7.519083969,4.7,34.6,90,"Jul 27, 2019 12:34:57",110021,28.5834,77.1665
23.8298,50,31,1.4,7.519083969,4.7,34.6,90,"Jul 27, 2019 12:34:57",110021,28.5789,77.1651
23.1915,73,23,1.3,6.335877863,5.75,31,76,"Jul 27, 2019 12:03:00",110021,28.5939,77.1887
23.1915,73,23,1.3,6.335877863,5.75,31,78,"Jul 27, 2019 12:03:00",110021,28.5767,77.1615
8.03646,100,52.31654193,0.8,5.953569803,8.809797195,12.94179823,146,"Jul 27, 2019 12:03:00",110021,28.5929,77.0346
23.1915,73,23,1.3,6.335877863,5.75,31,77,"Jul 27, 2019 12:03:00",110021,28.582,77.1717
23.1915,73,23,1.3,6.335877863,5.75,31,75,"Jul 27, 2019 12:03:00",110021,28.5834,77.1665
23.1915,73,23,1.3,6.335877863,5.75,31,75,"Jul 27, 2019 12:03:00",110021,28.5789,77.1651
22.1809,69,20,1.2,6.450381679,7,25.8,72,"Jul 27, 2019 7:22:31",110021,28.5939,77.1887
22.1809,69,20,1.2,6.450381679,7,25.8,70,"Jul 27, 2019 7:22:31",110021,28.5767,77.1615
8.13509,95,73.62742115,0.6,6.389724299,11.14567543,12.07711059,159,"Jul 27, 2019 7:22:31",110021,28.5929,77.0346
22.1809,69,20,1.2,6.450381679,7,25.8,69,"Jul 27, 2019 7:22:31",110021,28.582,77.1717
22.1809,69,20,1.2,6.450381679,7,25.8,72,"Jul 27, 2019 7:22:31",110021,28.5834,77.1665
22.1809,69,20,1.2,6.450381679,7,25.8,72,"Jul 27, 2019 7:22:31",110021,28.5789,77.1651
15.1596,41,35,0.9,6.603053435,7,18,95,"Jul 27, 2019 3:01:12",110021,28.5939,77.1887
15.1596,41,35,0.9,6.603053435,7,18,95,"Jul 27, 2019 3:01:12",110021,28.5767,77.1615
7.44486,36,34.90408398,0.5557851673,4.602131225,4.178088441,11.44457788,95,"Jul 27, 2019 3:01:12",110021,28.5929,77.0346
15.1596,41,35,0.9,6.603053435,7,18,97,"Jul 27, 2019 3:01:12",110021,28.582,77.1717
15.1596,41,35,0.9,6.603053435,7,18,96,"Jul 27, 2019 3:01:12",110021,28.5834,77.1665
15.1596,41,35,0.9,6.603053435,7,18,97,"Jul 27, 2019 3:01:12",110021,28.5789,77.1651
17.0745,53,25,1,5.534351145,4.9,22,80,"Jul 27, 2019 2:27:45",110021,28.5939,77.1887
17.0745,53,25,1,5.534351145,4.9,22,80,"Jul 27, 2019 2:27:45",110021,28.5767,77.1615
8.5066,40,32.59,0.3301369071,4.670267682,4.172340241,12.7288949,93,"Jul 27, 2019 2:27:45",110021,28.5929,77.0346
17.0745,53,25,1,5.534351145,4.9,22,81,"Jul 27, 2019 2:27:45",110021,28.582,77.1717
17.0745,53,25,1,5.534351145,4.9,22,80,"Jul 27, 2019 2:27:45",110021,28.5834,77.1665
17.0745,53,25,1,5.534351145,4.9,22,81,"Jul 27, 2019 2:27:45",110021,28.5789,77.1651
20.9574,77,35,1.3,6.717557252,3.05,36.5,96,"Jul 26, 2019 21:07:21",110021,28.5939,77.1887
20.9574,77,35,1.3,6.717557252,3.05,36.5,97,"Jul 26, 2019 21:07:21",110021,28.5767,77.1615
10.367,31,61.06921859,0.8859728795,2.835652471,31.61775957,13.79584762,158,"Jul 26, 2019 21:07:21",110021,28.5929,77.0346
20.9574,77,35,1.3,6.717557252,3.05,36.5,97,"Jul 26, 2019 21:07:21",110021,28.582,77.1717
20.9574,77,35,1.3,6.717557252,3.05,36.5,96,"Jul 26, 2019 21:07:21",110021,28.5834,77.1665
20.9574,77,35,1.3,6.717557252,3.05,36.5,97,"Jul 26, 2019 21:07:21",110021,28.5789,77.1651
18.7234,62,27,1.2,6.564885496,NULL,23.7,83,"Jul 26, 2019 20:56:33",110021,28.5939,77.1887
18.7234,62,27,1.2,6.564885496,NULL,23.7,84,"Jul 26, 2019 20:56:33",110021,28.5767,77.1615
9.2378,56,47.76736469,0.3698709509,3.662995632,9.945,12.4538434,134,"Jul 26, 2019 20:56:33",110021,28.5929,77.0346
18.7234,62,27,1.2,6.564885496,NULL,23.7,83,"Jul 26, 2019 20:56:33",110021,28.582,77.1717
18.7234,62,27,1.2,6.564885496,NULL,23.7,86,"Jul 26, 2019 20:56:33",110021,28.5834,77.1665
18.7234,62,27,1.2,6.564885496,NULL,23.7,86,"Jul 26, 2019 20:56:33",110021,28.5789,77.1651
19.0426,61,23,1.1,6.641221374,3.45,28.7,75,"Jul 26, 2019 19:22:23",110021,28.5939,77.1887
19.0426,61,23,1.1,6.641221374,3.45,28.7,75,"Jul 26, 2019 19:22:23",110021,28.5767,77.1615
9.59612,30,68.69227979,0.3658174098,3.819374142,9.880524914,12.86214817,160,"Jul 26, 2019 19:22:23",110021,28.5929,77.0346
19.0426,61,23,1.1,6.641221374,3.45,28.7,77,"Jul 26, 2019 19:22:23",110021,28.582,77.1717
19.0426,61,23,1.1,6.641221374,3.45,28.7,78,"Jul 26, 2019 19:22:23",110021,28.5834,77.1665
19.0426,61,23,1.1,6.641221374,3.45,28.7,76,"Jul 26, 2019 19:22:23",110021,28.5789,77.1651
25.3191,61,23,1.5,7.900763359,3.85,36.6,76,"Jul 26, 2019 16:22:06",110021,28.5939,77.1887
25.3191,61,23,1.5,7.900763359,3.85,36.6,78,"Jul 26, 2019 16:22:06",110021,28.5767,77.1615
14.7125,61,31.43507217,1.679150308,3.547876198,5.24140335,19.03284129,88,"Jul 26, 2019 16:22:06",110021,28.5929,77.0346
25.3191,61,23,1.5,7.900763359,3.85,36.6,75,"Jul 26, 2019 16:22:06",110021,28.582,77.1717
25.3191,61,23,1.5,7.900763359,3.85,36.6,78,"Jul 26, 2019 16:22:06",110021,28.5834,77.1665
25.3191,61,23,1.5,7.900763359,3.85,36.6,76,"Jul 26, 2019 16:22:06",110021,28.5789,77.1651
24.5213,81,17,1.9,8.740458015,3.75,53.8,65,"Jul 26, 2019 16:22:11",110021,28.5939,77.1887
24.5213,81,17,1.9,8.740458015,3.75,53.8,66,"Jul 26, 2019 16:22:11",110021,28.5767,77.1615
10.431,48,48.26791426,2.150455418,2.855483043,5.981177079,14.31760449,134,"Jul 26, 2019 16:22:11",110021,28.5929,77.0346
24.5213,81,17,1.9,8.740458015,3.75,53.8,65,"Jul 26, 2019 16:22:11",110021,28.582,77.1717
24.5213,81,17,1.9,8.740458015,3.75,53.8,67,"Jul 26, 2019 16:22:11",110021,28.5834,77.1665
24.5213,81,17,1.9,8.740458015,3.75,53.8,66,"Jul 26, 2019 16:22:11",110021,28.5789,77.1651
25.0532,40,7,1.6,7.633587786,4.15,28.4,34,"Jul 26, 2019 13:36:17",110021,28.5939,77.1887
25.0532,40,7,1.6,7.633587786,4.15,28.4,35,"Jul 26, 2019 13:36:17",110021,28.5767,77.1615
10.1808,19,34.31087923,0.3182566511,4.652008936,8.914962025,14.93061041,94,"Jul 26, 2019 13:36:17",110021,28.5929,77.0346
25.0532,40,7,1.6,7.633587786,4.15,28.4,34,"Jul 26, 2019 13:36:17",110021,28.582,77.1717
25.0532,40,7,1.6,7.633587786,4.15,28.4,35,"Jul 26, 2019 13:36:17",110021,28.5834,77.1665
25.0532,40,7,1.6,7.633587786,4.15,28.4,35,"Jul 26, 2019 13:36:17",110021,28.5789,77.1651
9.96811,20,58.55219787,0.2600548775,5.920785172,9.374296339,14.28874379,152,"Jul 26, 2019 11:47:36",110021,28.5929,77.0346
22.4468,86,31,1.1,6.832061069,11.3,25.3,87,"Jul 26, 2019 9:22:18",110021,28.5939,77.1887
22.4468,86,31,1.1,6.832061069,11.3,25.3,89,"Jul 26, 2019 9:22:18",110021,28.5767,77.1615
7.69752,164,30.85473575,0.3320648349,4.000337861,12.36292003,11.07158548,101,"Jul 26, 2019 9:22:18",110021,28.5929,77.0346
22.4468,86,31,1.1,6.832061069,11.3,25.3,88,"Jul 26, 2019 9:22:18",110021,28.582,77.1717
22.4468,86,31,1.1,6.832061069,11.3,25.3,89,"Jul 26, 2019 9:22:18",110021,28.5834,77.1665
22.4468,86,31,1.1,6.832061069,11.3,25.3,88,"Jul 26, 2019 9:22:18",110021,28.5789,77.1651
19.3617,86,28,1.2,7.290076336,3.75,28,85,"Jul 26, 2019 4:48:35",110021,28.5939,77.1887
19.3617,86,28,1.2,7.290076336,3.75,28,86,"Jul 26, 2019 4:48:35",110021,28.5767,77.1615
8.84618,141,34.74341114,2.225832552,3.903988062,5.912834533,14.59385692,95,"Jul 26, 2019 4:48:35",110021,28.5929,77.0346
19.3617,86,28,1.2,7.290076336,3.75,28,86,"Jul 26, 2019 4:48:35",110021,28.582,77.1717
19.3617,86,28,1.2,7.290076336,3.75,28,86,"Jul 26, 2019 4:48:35",110021,28.5834,77.1665
19.3617,86,28,1.2,7.290076336,3.75,28,87,"Jul 26, 2019 4:48:35",110021,28.5789,77.1651
19.0426,67,41,1.2,7.977099237,3.2,33,112,"Jul 26, 2019 2:22:05",110021,28.5939,77.1887
19.0426,67,41,1.2,7.977099237,3.2,33,114,"Jul 26, 2019 2:22:05",110021,28.5767,77.1615
9.11522,56,39.17704219,0.7594327118,6.28669439,6.139498946,14.37934068,113,"Jul 26, 2019 2:22:05",110021,28.5929,77.0346
19.0426,67,41,1.2,7.977099237,3.2,33,112,"Jul 26, 2019 2:22:05",110021,28.582,77.1717
19.0426,67,41,1.2,7.977099237,3.2,33,112,"Jul 26, 2019 2:22:05",110021,28.5834,77.1665
19.0426,67,41,1.2,7.977099237,3.2,33,113,"Jul 26, 2019 2:22:05",110021,28.5789,77.1651
NULL,78,40,NULL,NULL,2.4,NULL,112,"Jul 25, 2019 22:50:41",110021,28.5939,77.1887
NULL,78,40,NULL,NULL,2.4,NULL,112,"Jul 25, 2019 22:50:41",110021,28.5767,77.1615
10.6489,95,41.68287589,0.5681,3.977099237,3.078054241,15.54,114,"Jul 25, 2019 22:50:41",110021,28.5929,77.0346
NULL,78,40,NULL,NULL,2.4,NULL,112,"Jul 25, 2019 22:50:41",110021,28.582,77.1717
NULL,78,40,NULL,NULL,2.4,NULL,112,"Jul 25, 2019 22:50:41",110021,28.5834,77.1665
NULL,78,40,NULL,NULL,2.4,NULL,112,"Jul 25, 2019 22:50:41",110021,28.5789,77.1651
13.617,91,34,0.9,8.167938931,9.1,14.8,95,"Jul 25, 2019 8:59:00",110021,28.5939,77.1887
13.617,91,34,0.9,8.167938931,9.1,14.8,94,"Jul 25, 2019 8:59:00",110021,28.5767,77.1615
9.20463,554,71.55772219,0.7756094644,3.62791883,7.666094565,14.11763869,452,"Jul 25, 2019 8:59:00",110021,28.5929,77.0346
13.617,91,34,0.9,8.167938931,9.1,14.8,96,"Jul 25, 2019 8:59:00",110021,28.582,77.1717
13.617,91,34,0.9,8.167938931,9.1,14.8,96,"Jul 25, 2019 8:59:00",110021,28.5834,77.1665
13.617,91,34,0.9,8.167938931,9.1,14.8,93,"Jul 25, 2019 8:59:00",110021,28.5789,77.1651
19.5213,57,8,1.2,5.916030534,4.35,26.6,54,"Jul 25, 2019 9:52:13",110021,28.5939,77.1887
19.5213,57,8,1.2,5.916030534,4.35,26.6,53,"Jul 25, 2019 9:52:13",110021,28.5767,77.1615
13.111,605,39.69358254,0.9060747765,4.178668817,5.49941663,23.44811151,113,"Jul 25, 2019 9:52:13",110021,28.5929,77.0346
19.5213,57,8,1.2,5.916030534,4.35,26.6,53,"Jul 25, 2019 9:52:13",110021,28.582,77.1717
19.5213,57,8,1.2,5.916030534,4.35,26.6,55,"Jul 25, 2019 9:52:13",110021,28.5834,77.1665
19.5213,57,8,1.2,5.916030534,4.35,26.6,54,"Jul 25, 2019 9:52:13",110021,28.5789,77.1651
14.0957,83,30,1.1,7.900763359,8.2,15.5,87,"Jul 25, 2019 11:52:04",110021,28.5939,77.1887
14.0957,83,30,1.1,7.900763359,8.2,15.5,88,"Jul 25, 2019 11:52:04",110021,28.5767,77.1615
11.3571,439,57.74811309,0.8559560664,3.67103781,7.598987554,20.47244205,315,"Jul 25, 2019 11:52:04",110021,28.5929,77.0346
14.0957,83,30,1.1,7.900763359,8.2,15.5,88,"Jul 25, 2019 11:52:04",110021,28.582,77.1717
14.0957,83,30,1.1,7.900763359,8.2,15.5,86,"Jul 25, 2019 11:52:04",110021,28.5834,77.1665
14.0957,83,30,1.1,7.900763359,8.2,15.5,88,"Jul 25, 2019 11:52:04",110021,28.5789,77.1651